{
    "plugins": [
        "mobi.monaca.plugins.Monaca"
    ],
    "framework_version": "3.5",
    "xcode_version": null,
    "cordova_version": "5.2",
    "plugin_settings": [],
    "external_plugins": [
        "cordova-plugin-whitelist@1.0.0",
        "cordova-plugin-device-motion@1.1.1",
        "cordova-plugin-camera@1.2.0",
        "cordova-plugin-device-orientation@1.0.1",
        "cordova-plugin-geolocation@1.0.1",
        "cordova-plugin-network-information@1.0.1",
        "cordova-plugin-vibration@1.2.0",
        "cordova-plugin-contacts@1.1.0",
        "cordova-plugin-splashscreen@2.1.0",
        "cordova-plugin-device@1.0.1"
    ],
    "title-ja": "",
    "title-en": "TestApp",
    "description-ja": "",
    "description-en": "Testing\r\n",
    "category": "User Template",
    "platform": [
        "android",
        "ios",
        "winrt"
    ],
    "name": "generated-1470667023-57a88ba67e21936b3f8fa8b6"
}